order_id,customer_id,order_date,amount
1,18,2025-08-11,12.31
2,155,2024-11-15,13.43
3,131,2025-10-21,137.03
4,88,2025-05-25,86.59
5,87,2025-03-12,18.39
6,172,2025-08-28,19.02
7,18,2024-12-11,10.97
8,140,2025-04-27,6.45
9,41,2024-07-09,22.61
10,19,2025-10-07,12.2
11,106,2025-02-21,23.12
12,196,2025-06-07,8.0
13,148,2024-11-04,14.39
14,153,2025-08-03,27.22
15,144,2024-02-19,31.7
16,158,2024-03-17,32.86
17,103,2024-12-05,9.73
18,26,2025-05-05,44.62
19,168,2025-06-26,14.01
20,91,2024-10-21,38.21
21,101,2025-03-11,24.35
22,75,2025-01-05,9.36
23,37,2025-10-06,19.66
24,186,2025-03-14,31.68
25,157,2024-10-06,37.68
26,129,2025-10-11,22.23
27,81,2024-03-12,71.68
28,165,2025-10-21,49.66
29,110,2024-04-13,20.5
30,89,2024-07-12,41.47
31,91,2025-07-04,94.98
32,46,2025-05-06,96.77
33,19,2025-10-12,10.39
34,111,2025-05-17,12.83
35,178,2025-03-02,69.37
36,13,2024-08-20,11.7
37,172,2024-01-04,9.72
38,166,2024-03-23,17.46
39,56,2024-07-18,32.92
40,127,2024-01-28,22.84
41,34,2024-12-06,15.56
42,152,2025-06-04,15.3
43,141,2025-10-07,14.9
44,71,2024-11-24,13.25
45,14,2025-08-09,121.16
46,195,2025-10-22,30.21
47,90,2025-07-30,45.64
48,179,2024-11-07,17.42
49,136,2024-08-05,21.54
50,156,2025-10-17,14.89
51,152,2024-06-11,3.83
52,39,2024-10-02,9.35
53,73,2024-02-19,6.91
54,94,2025-06-15,5.08
55,100,2025-03-11,10.63
56,9,2024-02-26,62.02
57,110,2024-05-28,23.78
58,31,2025-01-07,60.55
59,149,2024-12-28,32.71
60,137,2025-06-21,42.43
61,185,2024-06-27,13.06
62,149,2025-09-11,35.4
63,74,2024-10-24,40.86
64,194,2025-07-05,16.38
65,83,2024-06-08,36.29
66,66,2024-01-25,36.46
67,182,2024-02-06,16.7
68,75,2024-09-06,11.18
69,16,2025-09-30,10.71
70,94,2024-02-02,26.06
71,160,2024-09-04,30.84
72,38,2024-03-14,14.09
73,93,2025-09-16,24.99
74,26,2025-03-28,36.58
75,138,2025-05-26,37.82
76,96,2025-04-22,72.7
77,67,2025-03-16,59.97
78,46,2025-06-02,12.17
79,113,2024-01-06,79.72
80,134,2025-08-02,16.92
81,189,2025-05-10,50.98
82,88,2025-05-10,25.73
83,33,2024-09-20,18.38
84,167,2025-06-20,6.92
85,126,2024-09-12,21.76
86,141,2024-02-02,8.24
87,20,2025-08-31,48.28
88,63,2024-06-06,70.93
89,154,2024-03-09,14.04
90,167,2025-02-20,30.31
91,88,2024-06-05,14.76
92,161,2025-07-28,15.8
93,169,2024-10-24,42.19
94,78,2024-01-04,23.88
95,180,2025-09-29,82.91
96,58,2024-12-10,17.5
97,48,2024-06-25,49.38
98,137,2025-03-29,26.26
99,128,2024-12-21,42.82
100,28,2024-01-20,17.94
101,167,2025-05-23,23.7
102,40,2024-09-25,22.63
103,161,2025-04-13,13.66
104,2,2025-08-23,39.0
105,160,2025-02-13,38.67
106,158,2025-03-25,37.17
107,157,2024-06-19,71.94
108,133,2024-06-08,67.66
109,95,2024-10-05,18.87
110,142,2025-07-25,31.85
111,56,2024-12-17,15.85
112,157,2024-08-21,24.94
113,112,2025-06-06,16.12
114,92,2025-07-25,76.25
115,102,2025-08-27,31.65
116,114,2024-07-19,21.06
117,8,2025-04-20,56.57
118,28,2025-01-30,5.37
119,50,2024-10-27,5.99
120,23,2024-09-22,42.82
121,88,2024-03-17,25.59
122,134,2024-07-03,29.23
123,131,2025-01-03,9.69
124,95,2025-08-16,24.14
125,172,2025-08-03,99.73
126,114,2024-05-05,43.68
127,16,2025-03-31,27.63
128,153,2024-02-26,18.04
129,115,2025-03-28,18.61
130,127,2024-08-17,5.53
131,114,2024-10-28,29.38
132,111,2025-04-25,44.34
133,19,2024-10-11,8.14
134,112,2025-06-24,15.44
135,159,2024-12-23,10.91
136,61,2025-10-31,12.48
137,121,2025-03-03,25.47
138,7,2024-07-17,5.7
139,70,2025-06-03,37.71
140,88,2024-09-30,41.58
141,197,2024-12-23,20.58
142,43,2024-04-01,4.32
143,56,2024-03-20,12.21
144,82,2025-01-20,58.15
145,199,2024-05-05,3.51
146,171,2025-10-30,19.24
147,7,2025-07-27,10.74
148,47,2025-04-14,43.09
149,165,2025-05-07,15.29
150,12,2025-02-02,32.55
151,172,2024-02-10,36.45
152,57,2024-09-19,88.71
153,184,2024-11-28,21.28
154,59,2025-09-05,31.92
155,87,2024-05-27,8.68
156,133,2024-11-28,56.45
157,26,2024-08-18,14.41
158,112,2024-03-31,16.57
159,102,2024-03-10,24.15
160,157,2024-09-01,8.22
161,200,2024-02-25,28.79
162,133,2024-02-15,48.29
163,82,2024-08-23,30.12
164,82,2024-05-15,8.07
165,84,2025-01-06,22.5
166,163,2024-01-12,41.24
167,65,2024-07-21,6.59
168,34,2024-10-30,11.56
169,67,2025-10-07,45.31
170,5,2025-03-01,29.64
171,22,2025-08-13,32.73
172,19,2024-08-18,90.17
173,155,2024-10-28,34.06
174,145,2024-10-08,38.88
175,140,2025-08-17,163.62
176,93,2025-10-04,21.12
177,144,2025-10-06,14.03
178,33,2025-05-18,33.1
179,181,2024-12-03,33.36
180,101,2024-12-28,16.97
181,188,2025-10-18,11.91
182,31,2024-07-09,123.58
183,100,2024-08-20,30.84
184,140,2025-08-23,14.69
185,100,2024-09-15,46.58
186,90,2024-06-06,22.73
187,34,2025-01-10,20.55
188,77,2024-08-05,36.36
189,48,2025-08-19,9.93
190,61,2025-09-01,31.4
191,137,2024-07-24,93.6
192,127,2024-12-20,34.0
193,122,2025-10-21,18.85
194,73,2025-05-12,17.2
195,192,2024-05-24,18.41
196,18,2025-01-30,20.54
197,69,2025-02-19,18.83
198,24,2025-03-13,46.59
199,68,2024-01-17,7.29
200,193,2024-07-19,44.85
201,74,2025-07-26,18.81
202,182,2024-06-10,31.94
203,100,2024-07-19,11.15
204,140,2024-08-04,62.18
205,92,2024-04-28,58.67
206,54,2024-04-14,48.02
207,153,2024-08-20,8.5
208,194,2025-08-08,43.83
209,53,2024-01-02,32.57
210,156,2024-07-08,7.97
211,53,2024-02-10,24.12
212,144,2025-01-11,31.66
213,158,2024-06-16,36.21
214,90,2025-06-14,27.77
215,148,2025-01-26,30.08
216,55,2025-06-09,68.82
217,16,2025-03-01,57.87
218,20,2024-10-20,3.3
219,90,2025-07-30,19.64
220,181,2024-11-15,21.86
221,26,2025-09-28,7.2
222,92,2025-10-28,26.2
223,141,2025-01-29,58.8
224,41,2025-03-27,11.47
225,145,2024-06-20,31.05
226,62,2025-06-29,12.92
227,162,2025-03-25,15.33
228,116,2025-08-27,69.0
229,110,2024-06-27,16.78
230,36,2025-06-11,33.9
231,93,2024-11-11,6.62
232,172,2024-05-04,90.34
233,4,2024-04-24,37.41
234,152,2025-01-11,21.59
235,99,2024-08-02,36.7
236,144,2024-03-09,9.14
237,133,2024-10-13,56.14
238,87,2025-03-13,19.55
239,62,2024-08-01,21.27
240,126,2025-10-02,17.39
241,29,2025-06-06,16.34
242,117,2024-12-09,39.9
243,19,2025-09-18,29.35
244,130,2024-10-17,38.71
245,126,2024-04-03,24.38
246,17,2024-01-25,35.14
247,152,2025-09-20,18.3
248,84,2025-10-05,116.84
249,158,2025-05-10,8.19
250,9,2024-03-10,59.3
251,36,2024-07-15,63.91
252,99,2024-01-28,13.51
253,38,2024-02-04,116.8
254,66,2024-06-13,49.25
255,133,2025-01-18,48.41
256,29,2024-02-13,25.02
257,136,2025-10-21,21.07
258,21,2024-10-31,21.19
259,36,2024-06-25,32.25
260,118,2024-12-11,65.42
261,159,2025-06-13,27.85
262,35,2024-07-28,12.96
263,60,2024-02-01,43.69
264,186,2024-02-04,46.75
265,198,2025-07-24,38.79
266,117,2024-03-15,41.34
267,90,2025-03-01,20.29
268,70,2024-09-14,12.8
269,123,2025-06-04,13.36
270,119,2024-02-10,7.81
271,59,2025-08-24,28.96
272,5,2025-04-12,23.14
273,31,2024-10-28,18.03
274,192,2024-05-18,3.1
275,84,2025-10-16,10.25
276,97,2024-07-21,53.76
277,94,2024-11-24,15.41
278,157,2024-09-21,31.58
279,13,2024-06-03,9.27
280,17,2024-10-06,67.16
281,56,2024-04-11,22.18
282,98,2024-01-02,30.05
283,135,2024-07-13,124.97
284,99,2024-03-16,70.92
285,89,2024-10-04,19.79
286,188,2025-08-01,16.2
287,33,2024-04-18,19.53
288,115,2024-01-01,35.06
289,109,2024-03-15,22.79
290,95,2024-12-06,18.6
291,162,2024-07-03,68.51
292,54,2024-11-23,22.65
293,191,2024-01-20,122.7
294,67,2024-08-11,26.14
295,110,2024-10-01,85.6
296,105,2024-10-15,31.5
297,170,2025-01-04,48.14
298,88,2025-06-06,14.77
299,57,2024-11-09,13.5
300,5,2025-07-17,33.85
301,73,2024-12-20,49.01
302,166,2024-06-23,25.23
303,2,2024-06-02,9.97
304,180,2024-08-04,9.47
305,109,2025-02-04,9.03
306,29,2024-06-11,7.12
307,61,2025-09-04,26.49
308,111,2024-11-17,53.92
309,64,2025-08-01,24.3
310,22,2025-04-02,5.04
311,134,2024-08-11,21.47
312,135,2024-06-01,21.89
313,24,2025-05-13,106.4
314,57,2024-08-09,8.85
315,49,2024-06-14,18.66
316,132,2025-09-15,80.97
317,147,2024-11-19,33.62
318,146,2024-02-02,36.39
319,188,2024-11-27,26.58
320,154,2024-11-04,30.91
321,65,2025-08-01,42.28
322,22,2025-04-21,13.92
323,123,2024-05-08,45.36
324,184,2024-04-10,9.38
325,196,2025-02-08,30.87
326,47,2024-02-01,27.8
327,48,2024-08-01,15.94
328,8,2024-04-02,24.15
329,29,2024-01-14,15.87
330,111,2025-09-07,11.59
331,110,2024-03-01,19.15
332,75,2024-01-07,11.33
333,62,2025-09-17,30.75
334,166,2024-05-06,10.97
335,93,2025-07-01,40.38
336,162,2024-01-21,10.73
337,193,2024-04-12,16.5
338,64,2024-03-15,15.84
339,41,2025-04-18,62.03
340,191,2025-02-19,30.91
341,127,2024-11-14,21.15
342,59,2024-06-10,34.78
343,125,2024-02-29,5.61
344,104,2025-01-16,23.8
345,182,2024-06-03,99.31
346,52,2025-01-30,26.91
347,199,2025-04-05,25.73
348,188,2025-07-23,36.01
349,37,2024-11-26,45.92
350,33,2024-01-04,6.06
351,107,2024-07-07,7.56
352,9,2025-07-25,28.42
353,60,2024-12-23,14.87
354,88,2025-02-18,61.46
355,194,2024-11-02,19.68
356,199,2024-04-19,6.33
357,31,2025-08-23,10.1
358,179,2025-06-01,3.58
359,19,2025-10-28,20.82
360,150,2025-07-27,21.5
361,170,2024-07-14,18.23
362,179,2024-06-19,52.21
363,45,2024-06-15,56.77
364,179,2025-09-07,21.77
365,24,2025-01-08,5.51
366,104,2024-10-31,37.79
367,94,2025-10-10,36.19
368,64,2025-02-08,30.46
369,5,2025-09-01,48.77
370,155,2025-10-21,10.85
371,68,2024-02-23,100.1
372,133,2024-08-30,12.53
373,83,2025-05-06,41.45
374,75,2025-06-28,7.53
375,178,2024-04-09,12.79
376,19,2024-08-01,70.91
377,148,2025-01-02,20.44
378,150,2025-06-19,44.17
379,76,2024-03-16,28.96
380,53,2025-02-06,22.79
381,2,2024-07-17,63.73
382,188,2024-05-24,20.79
383,190,2024-12-11,7.05
384,49,2024-10-04,13.98
385,7,2025-03-01,36.08
386,25,2024-07-31,32.36
387,14,2025-07-05,8.19
388,167,2024-02-22,14.78
389,179,2025-07-31,16.33
390,31,2024-01-20,18.99
391,150,2025-05-08,9.36
392,36,2024-08-20,15.8
393,74,2024-09-13,14.73
394,120,2024-01-13,42.1
395,144,2025-04-15,43.22
396,175,2024-04-20,22.15
397,9,2025-03-17,18.64
398,40,2025-04-30,27.06
399,57,2025-07-20,13.85
400,63,2025-04-19,10.99
401,200,2024-07-21,12.7
402,156,2025-05-09,15.73
403,65,2025-07-07,10.87
404,195,2024-07-31,27.48
405,100,2024-03-24,40.89
406,101,2025-08-19,8.08
407,87,2024-04-09,24.97
408,29,2025-02-01,21.03
409,187,2024-06-07,31.16
410,3,2024-03-25,24.31
411,35,2025-06-04,8.87
412,46,2024-04-06,10.14
413,56,2025-03-25,25.04
414,27,2025-04-09,50.41
415,4,2024-02-10,5.21
416,136,2024-04-25,31.25
417,194,2025-06-16,56.42
418,25,2024-12-05,22.04
419,60,2024-03-22,36.06
420,102,2025-10-26,15.0
421,186,2024-06-26,22.57
422,139,2024-01-03,7.89
423,154,2025-09-11,4.75
424,117,2024-01-12,47.46
425,84,2025-01-05,12.31
426,40,2025-10-27,17.83
427,173,2025-01-22,9.3
428,161,2025-01-26,9.14
429,6,2024-09-17,21.72
430,144,2024-03-26,14.72
431,17,2025-01-18,31.96
432,148,2025-08-24,33.68
433,166,2024-03-02,30.71
434,27,2025-08-12,28.99
435,87,2024-10-05,74.03
436,25,2024-12-25,11.62
437,114,2024-04-20,23.61
438,186,2025-02-20,54.21
439,17,2024-05-02,59.45
440,80,2024-07-02,9.07
441,195,2025-04-28,19.71
442,61,2024-02-03,63.48
443,27,2024-10-26,35.01
444,98,2025-02-02,28.13
445,102,2024-03-29,21.07
446,133,2024-07-16,18.75
447,63,2024-08-18,30.02
448,192,2025-03-20,20.56
449,105,2025-10-16,23.81
450,58,2025-07-14,25.92
451,193,2024-05-07,15.26
452,185,2024-01-13,35.61
453,100,2024-02-04,188.66
454,5,2025-02-03,7.07
455,120,2024-04-14,30.78
456,112,2024-06-03,14.41
457,30,2025-07-21,36.75
458,127,2025-08-08,25.35
459,169,2025-07-16,41.82
460,22,2024-06-18,55.86
461,145,2025-02-19,28.07
462,29,2025-02-13,54.19
463,150,2024-05-04,4.75
464,84,2025-01-05,74.69
465,2,2024-12-17,31.9
466,194,2024-09-22,52.17
467,34,2025-05-18,10.44
468,120,2025-03-30,13.71
469,37,2024-12-22,27.17
470,187,2025-05-01,24.24
471,148,2025-05-26,29.91
472,161,2025-01-14,52.41
473,87,2024-06-28,7.13
474,94,2025-05-23,48.51
475,127,2025-04-25,24.68
476,157,2025-10-20,21.27
477,170,2024-04-10,8.76
478,4,2024-10-07,34.89
479,133,2025-09-11,4.53
480,22,2024-12-10,38.62
481,58,2025-09-23,8.63
482,166,2024-01-09,25.47
483,51,2024-01-24,22.57
484,160,2025-06-17,55.63
485,93,2024-08-28,21.65
486,47,2024-12-14,15.09
487,67,2024-10-13,17.21
488,107,2024-09-30,59.8
489,154,2025-09-21,35.71
490,122,2024-03-04,18.73
491,187,2025-06-01,20.79
492,174,2025-08-19,8.19
493,151,2025-03-16,32.2
494,121,2024-09-21,7.16
495,58,2024-04-17,41.52
496,83,2025-04-02,26.84
497,24,2024-11-10,130.43
498,75,2024-04-10,11.36
499,186,2024-08-28,22.83
500,86,2025-10-06,86.38
501,23,2024-06-26,56.48
502,131,2024-04-29,15.07
503,193,2025-04-01,28.7
504,174,2024-05-13,24.57
505,55,2025-09-08,29.89
506,91,2025-07-29,15.04
507,107,2025-10-20,23.05
508,50,2025-09-03,8.02
509,54,2024-06-12,26.97
510,48,2024-05-22,33.62
511,199,2024-08-17,20.92
512,150,2024-11-10,7.92
513,169,2025-08-12,49.01
514,164,2025-05-06,31.66
515,192,2025-03-07,14.76
516,22,2025-08-11,20.16
517,177,2025-03-08,8.58
518,14,2024-09-10,11.97
519,96,2024-10-03,16.84
520,119,2024-12-12,57.97
521,72,2024-02-29,15.68
522,30,2025-05-11,38.4
523,39,2025-03-13,16.83
524,165,2025-05-04,29.18
525,64,2024-12-23,22.22
526,63,2025-06-08,45.2
527,185,2025-09-28,16.87
528,29,2025-01-16,8.16
529,184,2024-10-24,9.32
530,185,2024-03-11,16.91
531,120,2025-06-05,10.23
532,34,2025-08-28,32.69
533,32,2025-04-13,17.71
534,57,2025-08-02,129.31
535,116,2025-07-31,7.27
536,31,2025-06-18,28.29
537,92,2024-12-02,11.14
538,24,2024-03-07,17.37
539,109,2024-01-03,27.09
540,5,2024-05-16,4.82
541,142,2024-10-15,28.96
542,12,2025-05-13,92.95
543,39,2024-11-01,17.86
544,35,2024-01-16,29.43
545,167,2024-05-20,50.27
546,11,2025-10-18,21.87
547,86,2025-10-23,16.34
548,119,2024-09-09,4.99
549,104,2025-06-23,38.42
550,137,2025-04-26,22.66
551,161,2025-09-15,12.07
552,79,2025-08-17,26.81
553,166,2025-02-25,16.3
554,64,2024-09-21,16.95
555,197,2025-02-23,37.5
556,101,2024-08-01,9.61
557,148,2024-08-21,51.07
558,176,2025-02-11,9.22
559,159,2025-01-17,15.43
560,171,2025-01-24,94.26
561,108,2024-09-14,54.01
562,9,2024-10-01,26.27
563,99,2024-01-07,12.7
564,37,2025-02-07,16.94
565,178,2025-01-20,25.82
566,48,2025-09-18,25.19
567,46,2024-12-03,23.02
568,50,2024-11-09,24.01
569,129,2024-02-15,21.11
570,115,2024-05-11,8.94
571,190,2024-08-14,17.09
572,84,2024-09-09,46.54
573,57,2024-08-30,9.41
574,10,2024-09-21,21.48
575,2,2025-05-30,13.82
576,75,2024-03-28,26.52
577,186,2024-08-10,18.69
578,105,2024-04-19,69.0
579,179,2024-07-25,34.97
580,21,2025-04-03,9.79
581,19,2024-02-01,39.25
582,167,2024-08-15,14.26
583,22,2024-01-16,16.38
584,11,2025-10-01,30.56
585,81,2025-05-02,17.39
586,185,2024-06-12,45.83
587,138,2024-05-12,14.27
588,20,2024-03-07,15.91
589,168,2024-11-12,15.5
590,169,2025-05-19,16.51
591,161,2025-01-26,52.95
592,181,2025-08-13,38.1
593,48,2024-08-18,81.2
594,196,2024-07-05,119.98
595,65,2024-11-16,11.92
596,161,2024-05-15,25.77
597,116,2025-10-15,10.77
598,156,2024-05-04,14.23
599,126,2024-11-16,15.78
600,129,2024-12-15,11.7
601,124,2024-02-08,11.75
602,156,2024-11-09,22.18
603,148,2024-10-31,10.47
604,27,2024-06-22,44.23
605,166,2024-03-26,12.9
606,108,2024-01-31,175.33
607,65,2024-01-06,17.89
608,103,2024-11-18,25.8
609,194,2024-03-01,9.91
610,172,2025-10-04,80.99
611,167,2024-06-12,53.71
612,93,2025-03-13,30.2
613,157,2025-03-27,9.56
614,78,2024-11-27,28.43
615,138,2025-08-15,11.19
616,128,2024-03-15,68.28
617,50,2024-06-05,43.23
618,54,2024-06-18,26.23
619,13,2024-03-31,4.46
620,28,2024-07-16,12.32
621,87,2024-07-28,39.7
622,96,2025-05-27,57.34
623,34,2024-07-21,53.33
624,84,2025-08-10,8.05
625,121,2025-06-01,30.3
626,47,2025-08-27,49.94
627,68,2024-03-11,7.68
628,74,2025-10-21,24.4
629,102,2025-02-15,29.72
630,74,2025-10-20,19.88
631,148,2024-08-25,6.71
632,66,2025-09-30,19.53
633,87,2025-01-29,19.51
634,76,2024-02-18,22.12
635,37,2024-10-01,16.54
636,138,2024-04-02,17.99
637,48,2025-09-22,23.86
638,60,2024-07-22,33.44
639,159,2024-05-28,19.82
640,190,2025-01-05,18.42
641,135,2024-10-11,26.17
642,184,2024-03-05,6.39
643,171,2025-07-01,34.26
644,97,2025-07-20,24.52
645,155,2025-05-12,25.22
646,66,2025-02-17,48.06
647,93,2024-09-26,6.25
648,108,2024-12-29,6.16
649,193,2024-12-15,29.72
650,170,2024-04-20,24.41
651,98,2024-02-24,27.64
652,131,2024-06-18,17.75
653,41,2024-10-31,39.06
654,161,2024-04-17,47.13
655,111,2024-03-12,34.43
656,107,2025-07-24,20.44
657,154,2024-09-08,5.61
658,127,2025-01-26,42.03
659,15,2024-12-17,57.7
660,58,2025-05-07,38.52
661,36,2025-05-10,13.25
662,147,2024-07-17,39.32
663,8,2025-07-22,44.81
664,41,2024-09-05,73.05
665,120,2025-07-13,13.29
666,139,2024-09-28,20.94
667,101,2024-03-15,41.39
668,173,2025-05-24,25.54
669,184,2024-01-21,11.22
670,27,2025-06-01,32.79
671,191,2024-01-29,36.78
672,123,2024-05-18,26.09
673,128,2025-02-08,28.61
674,20,2025-09-22,20.47
675,125,2024-09-30,69.05
676,146,2024-03-21,13.06
677,117,2024-06-05,16.26
678,17,2025-08-23,24.72
679,105,2025-05-01,45.39
680,188,2024-03-08,8.6
681,145,2024-09-14,9.8
682,28,2024-06-26,5.89
683,192,2024-04-29,25.1
684,192,2025-07-21,11.21
685,34,2025-02-17,18.74
686,161,2024-04-30,38.98
687,82,2025-03-11,15.66
688,119,2024-10-04,28.84
689,90,2024-02-11,19.89
690,157,2024-10-28,39.27
691,200,2024-05-04,34.21
692,160,2024-06-13,15.11
693,187,2025-08-11,21.8
694,190,2025-04-20,50.94
695,19,2024-03-30,32.31
696,51,2025-07-24,9.23
697,145,2025-01-19,38.82
698,119,2025-08-08,11.48
699,11,2025-05-15,65.94
700,20,2024-08-15,50.24
701,105,2024-12-24,30.05
702,124,2024-12-21,27.39
703,34,2025-04-27,21.19
704,35,2024-06-15,39.45
705,26,2024-08-11,18.92
706,113,2024-06-13,28.93
707,2,2024-07-17,45.17
708,115,2024-04-18,16.56
709,96,2024-01-25,15.94
710,94,2025-09-21,10.63
711,136,2024-02-19,11.64
712,105,2025-08-17,6.82
713,146,2024-01-03,40.89
714,153,2025-06-04,87.03
715,185,2024-08-08,66.54
716,160,2024-12-12,7.86
717,104,2024-07-08,40.75
718,99,2024-11-24,66.39
719,48,2024-10-29,17.82
720,120,2024-12-20,26.34
721,28,2024-09-20,6.02
722,187,2024-12-25,29.57
723,170,2025-07-07,11.65
724,24,2024-10-18,28.21
725,158,2024-08-30,8.22
726,24,2024-03-29,35.87
727,145,2024-08-29,50.26
728,18,2024-03-25,14.18
729,98,2024-05-02,11.07
730,132,2025-09-30,5.42
731,146,2024-02-29,20.36
732,84,2024-11-18,16.33
733,185,2025-07-12,8.28
734,155,2025-09-30,33.69
735,42,2024-04-08,17.9
736,135,2024-04-19,11.55
737,147,2024-09-06,16.64
738,67,2025-01-06,51.93
739,148,2025-10-05,37.41
740,180,2024-05-19,22.4
741,164,2024-04-20,37.84
742,153,2024-06-18,10.88
743,127,2025-08-08,25.09
744,55,2024-01-21,27.2
745,160,2024-09-11,17.66
746,73,2024-03-20,33.28
747,107,2024-04-15,14.21
748,63,2025-09-06,35.05
749,63,2024-01-02,36.1
750,32,2024-08-03,3.18
751,193,2025-09-05,56.44
752,30,2025-02-11,2.91
753,18,2024-02-18,15.94
754,188,2024-11-07,50.29
755,112,2025-10-12,19.65
756,88,2024-09-25,8.79
757,148,2024-12-20,11.41
758,77,2024-12-22,50.34
759,26,2025-03-18,6.39
760,146,2024-05-05,54.07
761,36,2025-07-16,23.6
762,111,2025-10-24,10.65
763,190,2024-04-05,16.31
764,188,2025-07-02,12.04
765,73,2025-07-01,44.99
766,157,2025-05-11,40.96
767,123,2024-09-05,7.36
768,96,2024-11-10,18.49
769,28,2025-07-16,13.41
770,76,2024-04-12,60.67
771,131,2025-07-09,9.53
772,198,2025-09-08,75.41
773,1,2025-04-01,23.97
774,144,2024-08-16,10.88
775,170,2025-01-09,15.27
776,191,2024-02-03,14.0
777,85,2025-09-16,10.05
778,24,2024-08-17,26.22
779,55,2024-02-08,10.39
780,171,2025-06-16,5.33
781,176,2025-03-16,18.81
782,128,2025-02-21,6.94
783,25,2024-02-06,14.49
784,25,2025-05-18,12.98
785,96,2025-03-03,13.33
786,118,2025-06-15,99.55
787,7,2025-07-08,25.52
788,138,2024-05-22,29.13
789,109,2024-05-21,7.07
790,3,2025-09-10,15.52
791,20,2024-12-21,28.52
792,91,2024-10-20,11.98
793,145,2024-07-11,46.32
794,166,2025-03-04,10.57
795,87,2025-05-20,20.08
796,60,2024-01-02,16.28
797,194,2025-01-05,27.52
798,92,2025-10-27,15.67
799,64,2024-07-07,20.29
800,89,2024-07-07,20.79
801,3,2025-08-11,14.67
802,61,2024-02-11,34.45
803,104,2024-09-23,28.99
804,184,2024-11-03,23.06
805,148,2025-06-18,18.15
806,157,2024-03-27,42.84
807,109,2024-10-17,20.8
808,23,2024-04-12,19.79
809,79,2025-06-11,26.4
810,200,2025-02-27,80.45
811,9,2024-11-28,9.6
812,176,2024-09-20,42.05
813,137,2024-04-12,6.52
814,57,2025-09-09,28.56
815,156,2025-03-09,73.89
816,168,2024-08-01,34.54
817,9,2024-10-04,27.64
818,22,2025-05-01,16.57
819,134,2025-04-27,25.07
820,200,2024-11-04,20.56
821,5,2024-07-21,14.15
822,134,2025-03-18,20.03
823,28,2025-03-17,28.19
824,131,2025-02-05,14.34
825,125,2024-02-18,13.95
826,19,2024-11-12,9.47
827,137,2025-02-15,32.25
828,180,2025-09-28,35.94
829,173,2024-12-18,28.85
830,6,2024-08-17,48.21
831,50,2025-01-07,26.09
832,49,2024-04-28,32.28
833,91,2024-03-01,30.35
834,29,2025-03-30,23.01
835,171,2025-10-22,16.92
836,156,2025-07-20,115.57
837,162,2025-01-26,17.88
838,40,2024-01-27,15.39
839,3,2025-10-23,33.24
840,183,2024-10-28,29.26
841,58,2024-07-13,9.18
842,132,2025-08-20,53.83
843,182,2025-05-15,22.97
844,8,2025-05-17,11.27
845,2,2024-07-05,56.38
846,2,2025-10-26,38.01
847,32,2024-10-30,10.12
848,11,2024-12-22,85.12
849,164,2025-05-18,38.91
850,122,2025-03-18,24.36
851,197,2024-04-25,74.68
852,161,2024-07-21,27.43
853,193,2024-08-29,24.05
854,48,2025-09-26,15.45
855,58,2025-04-23,36.87
856,170,2024-09-02,34.25
857,49,2025-05-07,24.79
858,12,2025-05-09,14.11
859,134,2024-09-21,26.87
860,161,2024-09-27,23.36
861,194,2025-08-22,9.65
862,186,2025-01-11,8.76
863,25,2024-04-10,36.44
864,155,2025-04-27,3.97
865,170,2025-01-30,28.33
866,140,2024-12-06,17.56
867,164,2025-04-30,61.3
868,168,2025-08-30,17.37
869,90,2024-08-09,38.93
870,9,2024-10-07,18.58
871,92,2024-05-06,26.57
872,41,2025-03-09,41.09
873,23,2024-09-26,17.75
874,25,2024-08-17,49.28
875,140,2025-04-11,12.24
876,101,2024-09-30,30.15
877,108,2024-11-07,46.8
878,150,2024-10-21,38.94
879,110,2024-06-22,93.83
880,127,2024-03-25,14.38
881,18,2025-07-08,9.34
882,171,2024-03-02,12.23
883,90,2024-08-05,38.95
884,32,2025-03-23,34.76
885,163,2024-03-28,26.35
886,147,2025-03-15,11.18
887,11,2025-05-06,41.96
888,39,2025-03-20,10.41
889,4,2024-07-23,55.22
890,55,2024-01-14,181.31
891,20,2025-08-17,31.71
892,142,2024-08-06,36.9
893,105,2025-06-23,17.37
894,197,2024-05-12,6.91
895,150,2024-04-18,16.09
896,123,2025-06-05,11.42
897,102,2025-09-21,8.91
898,11,2025-07-30,81.91
899,15,2025-05-18,29.7
900,124,2024-06-14,32.0
901,1,2025-09-03,19.76
902,9,2025-03-23,21.74
903,44,2024-04-25,48.19
904,177,2024-03-27,23.98
905,92,2025-08-06,35.57
906,142,2024-07-03,21.39
907,83,2025-05-28,19.31
908,35,2024-04-02,9.16
909,75,2024-07-06,6.14
910,19,2024-07-08,20.43
911,155,2024-07-07,25.52
912,37,2025-03-28,9.97
913,76,2025-09-04,23.95
914,197,2025-09-01,25.47
915,119,2025-05-11,5.42
916,92,2024-05-15,12.93
917,109,2025-10-05,32.63
918,157,2024-12-29,32.17
919,51,2024-12-31,10.94
920,128,2025-04-14,27.41
921,175,2025-05-30,50.18
922,115,2025-09-30,42.26
923,90,2025-01-25,22.95
924,30,2025-02-12,17.68
925,50,2025-05-14,15.79
926,190,2024-06-19,34.04
927,109,2024-07-25,28.12
928,61,2025-02-23,38.11
929,84,2024-02-12,26.9
930,116,2024-08-02,43.52
931,108,2025-04-26,26.21
932,140,2025-10-16,42.49
933,52,2024-12-14,45.13
934,130,2024-09-24,13.97
935,89,2024-10-22,6.92
936,189,2025-04-04,72.27
937,32,2024-12-30,29.36
938,30,2024-01-16,7.39
939,93,2024-12-27,14.88
940,102,2024-09-25,42.11
941,139,2025-04-14,20.17
942,81,2025-08-09,17.14
943,183,2025-10-06,65.41
944,95,2025-02-12,11.79
945,26,2024-08-30,14.03
946,24,2024-10-24,28.44
947,195,2024-04-28,32.24
948,27,2025-09-19,34.72
949,190,2025-07-21,46.43
950,56,2025-07-26,28.19
951,19,2024-08-07,34.56
952,61,2024-08-03,20.46
953,123,2025-07-27,25.63
954,86,2024-12-30,26.45
955,158,2025-04-17,28.52
956,123,2024-11-24,42.13
957,81,2024-10-23,36.18
958,127,2025-02-27,25.3
959,195,2025-06-28,13.92
960,83,2024-08-11,25.72
961,31,2025-06-26,24.06
962,82,2024-06-12,28.08
963,169,2024-09-26,114.96
964,44,2025-09-03,17.0
965,190,2025-10-01,32.97
966,118,2025-09-10,51.83
967,121,2024-07-30,26.27
968,64,2025-07-19,126.03
969,185,2025-09-19,18.83
970,8,2025-10-17,30.78
971,60,2024-01-15,14.02
972,84,2025-05-14,19.18
973,96,2025-10-29,29.2
974,95,2025-05-27,44.36
975,30,2024-06-05,30.67
976,46,2025-05-25,59.23
977,20,2024-03-11,22.95
978,115,2024-11-18,19.44
979,71,2025-02-23,162.84
980,114,2024-11-01,32.33
981,118,2025-04-13,14.83
982,141,2024-06-09,15.09
983,110,2025-02-10,12.68
984,130,2025-03-08,47.26
985,118,2025-02-28,19.01
986,131,2024-07-12,26.82
987,124,2024-07-23,23.47
988,64,2024-06-21,40.94
989,50,2024-11-05,13.56
990,158,2025-01-27,11.55
991,69,2024-08-30,28.7
992,110,2024-10-01,37.36
993,40,2024-07-10,30.96
994,87,2024-05-26,13.92
995,106,2025-03-16,39.42
996,126,2025-06-30,14.57
997,106,2024-07-13,17.03
998,73,2025-07-30,12.67
999,193,2025-01-17,61.0
1000,103,2024-04-22,38.22
1001,162,2024-09-02,37.47
1002,148,2024-01-06,58.74
1003,112,2024-01-27,175.71
1004,178,2024-08-13,7.42
1005,26,2024-10-31,14.63
1006,185,2025-06-18,15.94
1007,171,2024-03-30,13.52
1008,101,2025-07-16,11.54
1009,147,2024-06-06,19.89
1010,105,2024-04-02,10.47
1011,54,2025-04-13,31.02
1012,160,2025-06-02,25.44
1013,50,2025-02-09,34.35
1014,63,2024-03-18,35.0
1015,104,2024-03-18,37.42
1016,168,2024-09-18,18.89
1017,77,2024-10-28,108.29
1018,99,2025-10-31,28.91
1019,9,2024-07-10,6.66
1020,24,2024-05-09,12.16
1021,12,2025-09-25,7.25
1022,15,2024-04-13,24.83
1023,174,2024-01-18,22.53
1024,169,2024-10-10,17.67
1025,165,2024-09-25,100.25
1026,12,2025-02-19,36.03
1027,16,2025-08-11,40.78
1028,57,2025-09-17,12.78
1029,114,2024-07-13,12.19
1030,67,2025-10-19,25.17
1031,98,2025-02-27,27.69
1032,35,2024-02-16,6.69
1033,147,2025-09-20,21.62
1034,63,2024-04-02,24.78
1035,14,2025-01-29,21.1
1036,149,2025-06-13,13.88
1037,181,2024-06-16,16.82
1038,3,2024-06-30,21.68
1039,88,2024-11-15,26.14
1040,166,2025-08-15,37.46
1041,142,2024-05-29,52.28
1042,172,2025-03-20,19.96
1043,84,2024-10-30,17.83
1044,75,2024-03-15,33.33
1045,142,2025-04-21,37.62
1046,31,2025-07-11,18.1
1047,48,2025-01-20,42.66
1048,121,2024-04-28,48.7
1049,134,2024-04-14,60.59
1050,24,2024-10-10,85.18
1051,102,2024-12-05,13.38
1052,73,2025-01-04,24.77
1053,101,2024-06-12,24.73
1054,192,2024-12-01,22.9
1055,16,2024-07-16,15.57
1056,200,2025-04-04,8.67
1057,90,2025-06-17,26.18
1058,155,2025-03-13,14.33
1059,85,2024-01-01,26.05
1060,63,2025-10-26,14.07
1061,155,2024-01-16,11.36
1062,138,2025-10-31,28.9
1063,29,2024-01-22,27.27
1064,142,2024-12-12,36.8
1065,151,2024-03-12,113.31
1066,78,2024-03-04,29.79
1067,186,2025-04-02,34.45
1068,129,2025-05-02,11.54
1069,67,2024-03-20,9.97
1070,3,2025-10-16,74.29
1071,135,2024-08-02,12.85
1072,42,2024-08-01,11.81
1073,152,2024-07-17,23.87
1074,106,2024-11-05,23.03
1075,94,2024-04-29,13.04
1076,33,2024-10-11,19.82
1077,143,2024-05-20,58.01
1078,34,2024-02-04,13.95
1079,84,2024-09-04,9.25
1080,168,2025-03-26,47.46
1081,185,2025-05-26,34.63
1082,198,2024-08-24,15.89
1083,192,2024-08-04,8.11
1084,112,2025-06-11,14.57
1085,41,2025-04-01,23.61
1086,168,2025-07-11,55.48
1087,161,2025-08-30,11.87
1088,199,2025-07-04,23.12
1089,131,2025-09-19,39.35
1090,29,2024-10-06,4.63
1091,101,2024-09-21,50.58
1092,90,2024-08-03,10.72
1093,169,2024-06-06,30.95
1094,79,2025-05-16,29.16
1095,66,2025-04-23,52.42
1096,17,2025-06-20,36.08
1097,168,2024-04-22,4.65
1098,152,2024-11-25,14.16
1099,9,2024-05-28,27.02
1100,87,2025-08-21,21.4
1101,96,2024-06-28,34.27
1102,94,2024-04-06,42.63
1103,184,2025-01-16,37.56
1104,31,2025-08-11,21.12
1105,62,2025-09-05,6.74
1106,37,2024-03-05,17.84
1107,49,2024-08-06,32.83
1108,182,2024-04-12,11.44
1109,189,2024-07-25,38.16
1110,9,2024-12-23,46.33
1111,127,2024-07-06,26.81
1112,47,2024-02-15,2.87
1113,39,2024-12-07,10.03
1114,59,2024-02-05,91.87
1115,39,2024-05-31,16.73
1116,99,2024-01-01,6.12
1117,200,2024-02-28,58.25
1118,118,2024-10-19,24.76
1119,145,2025-07-23,53.17
1120,99,2025-06-02,29.78
1121,3,2024-03-07,33.82
1122,17,2024-01-24,31.63
1123,54,2024-08-14,39.97
1124,49,2025-03-13,120.81
1125,169,2025-05-15,48.41
1126,169,2025-07-05,8.12
1127,171,2024-08-17,33.54
1128,128,2024-04-22,54.55
1129,112,2024-01-18,56.93
1130,130,2024-04-08,18.2
1131,82,2024-02-13,55.45
1132,135,2025-07-30,46.97
1133,159,2024-06-28,148.53
1134,153,2025-07-05,14.51
1135,123,2025-01-05,17.2
1136,12,2024-12-27,19.8
1137,145,2024-10-31,17.41
1138,74,2025-07-02,13.16
1139,149,2024-01-30,3.55
1140,108,2024-03-03,18.1
1141,177,2024-10-10,31.77
1142,68,2024-09-21,17.37
1143,187,2024-12-31,95.08
1144,169,2025-05-09,24.76
1145,67,2025-01-28,60.57
1146,97,2024-06-21,29.46
1147,107,2024-08-07,43.75
1148,154,2025-05-19,29.83
1149,138,2024-05-14,63.95
1150,171,2024-12-03,25.51
1151,74,2024-12-26,34.72
1152,101,2025-05-17,31.7
1153,87,2025-04-23,20.05
1154,182,2024-11-07,32.57
1155,61,2024-07-26,117.22
1156,118,2024-09-03,20.3
1157,25,2024-10-02,32.91
1158,171,2024-05-26,59.17
1159,77,2025-02-23,54.5
1160,69,2024-05-19,24.73
1161,117,2025-03-10,4.63
1162,100,2025-05-18,35.22
1163,170,2025-10-06,5.19
1164,107,2024-03-20,68.65
1165,104,2025-05-24,27.62
1166,21,2024-02-27,49.39
1167,5,2024-08-13,13.05
1168,80,2024-04-28,8.28
1169,200,2024-04-18,29.45
1170,184,2024-04-27,23.96
1171,126,2024-01-30,17.39
1172,127,2025-07-05,26.03
1173,79,2024-02-10,170.24
1174,36,2024-09-23,44.0
1175,2,2025-04-13,51.14
1176,68,2025-10-25,44.29
1177,64,2025-07-25,69.1
1178,39,2024-04-01,21.48
1179,52,2025-10-23,5.82
1180,5,2025-03-13,21.5
1181,122,2024-04-30,43.3
1182,186,2024-10-27,12.44
1183,139,2025-09-06,21.68
1184,90,2024-09-20,15.12
1185,85,2024-05-03,70.21
1186,62,2025-08-09,41.46
1187,29,2025-09-30,38.71
1188,120,2025-10-15,37.91
1189,114,2025-10-02,23.9
1190,2,2025-08-07,28.17
1191,84,2024-10-31,10.7
1192,56,2024-05-08,5.31
1193,35,2025-02-17,27.25
1194,141,2024-05-27,30.78
1195,106,2024-11-13,57.2
1196,127,2025-03-15,73.7
1197,143,2025-09-26,73.63
1198,197,2024-07-12,12.2
1199,161,2024-06-17,19.17
1200,125,2025-05-07,34.34
